<GameData>
	<EventHistorical>
		<Row>
			<EventID>BeginnersLuck</EventID>
			<EventName>TXT_KEY_UGFN_EVENT_BEGINNERS_LUCK_NAME</EventName>
			<AdvisorType>ADVISOR_ECONOMIC</AdvisorType>
			<AdvisorHeading>TXT_KEY_UGFN_EVENT_BEGINNERS_LUCK_ADVHEAD</AdvisorHeading>
			<AdvisorBody>TXT_KEY_UGFN_EVENT_BEGINNERS_LUCK_ADVBODY</AdvisorBody>
			<OccurYear>-3999</OccurYear>
		</Row>
	</EventHistorical>

	<EventHistoricalLeaders>
		<Row>
			<EventID>BeginnersLuck</EventID>
			<LeaderType>allhuman</LeaderType>
		</Row>
	</EventHistoricalLeaders>

	<EventHistoricalCompensation>
		<Row>
			<EventID>BeginnersLuck</EventID>
			<UnitTypeID>UNIT_WORKER</UnitTypeID>
			<Count>1</Count>
		</Row>
		<Row>
			<EventID>BeginnersLuck</EventID>
			<UnitTypeID>UNIT_ARCHER</UnitTypeID>
			<Count>1</Count>
		</Row>
		<Row>
			<EventID>BeginnersLuck</EventID>
			<UnitTypeID>UNIT_SCIENTIST</UnitTypeID>
			<Count>1</Count>
		</Row>
		<Row>
			<EventID>BeginnersLuck</EventID>
			<UnitTypeID>gold</UnitTypeID>
			<Count>123</Count>
		</Row>
		<Row>
			<EventID>BeginnersLuck</EventID>
			<UnitTypeID>tech</UnitTypeID>
			<Count>2</Count>
		</Row>
		<Row>
			<EventID>BeginnersLuck</EventID>
			<UnitTypeID>culture</UnitTypeID>
			<Count>1000</Count>
		</Row>
		<Row>
			<EventID>BeginnersLuck</EventID>
			<UnitTypeID>faith</UnitTypeID>
			<Count>200</Count>
		</Row>
	</EventHistoricalCompensation>
</GameData>