<GameData>
	
	<EventBerserkEnermy>
		<Row>
			<EventID>BerserkBarbarian</EventID>
			<EventName>TXT_KEY_UGFN_EVENT_BERSERKBARIAN_NAME</EventName>
			<DefenseAdvisorType>ADVISOR_MILITARY</DefenseAdvisorType>
			<DefenseAdvisorHeading>TXT_KEY_UGFN_EVENT_BERSERKBARBARIAN_ADVHEAD</DefenseAdvisorHeading>
			<DefenseAdvisorBody>TXT_KEY_UGFN_EVENT_BERSERKBARBARIAN_ADVBODY</DefenseAdvisorBody>
			<OccurYear>-3950</OccurYear>
		</Row>
	</EventBerserkEnermy>

	<EventBerserkEnermyOffense>
		<Row>
			<EventID>BerserkBarbarian</EventID>
			<LeaderType>LEADER_BARBARIAN</LeaderType>
		</Row>
	</EventBerserkEnermyOffense>

	<EventBerserkEnermyDefense>
		<Row>
			<EventID>BerserkBarbarian</EventID>
			<LeaderType>allhuman</LeaderType>
		</Row>
	</EventBerserkEnermyDefense>

	<EventBerserkEnermyOffenseTroops>
		<Row>
			<EventID>BerserkBarbarian</EventID>
			<UnitTypeID>UNIT_WARRIOR</UnitTypeID>
			<Count>2</Count>
		</Row>
		<Row>
			<EventID>BerserkBarbarian</EventID>
			<UnitTypeID>UNIT_ARCHER</UnitTypeID>
			<Count>1</Count>
		</Row>
	</EventBerserkEnermyOffenseTroops>

	<EventBerserkEnermyOffenseCompensation>
		<Row>
			<EventID>BerserkBarbarian</EventID>
			<UnitTypeID>gold</UnitTypeID>
			<Count>300</Count>
		</Row>
	</EventBerserkEnermyOffenseCompensation>

	<EventBerserkEnermyDefenseCompensation>
		<Row>
			<EventID>BerserkBarbarian</EventID>
			<UnitTypeID>UNIT_WARRIOR</UnitTypeID>
			<Count>2</Count>
		</Row>
		<Row>
			<EventID>BerserkBarbarian</EventID>
			<UnitTypeID>UNIT_ARCHER</UnitTypeID>
			<Count>2</Count>
		</Row>
		<Row>
			<EventID>BerserkBarbarian</EventID>
			<UnitTypeID>gold</UnitTypeID>
			<Count>200</Count>
		</Row>
	</EventBerserkEnermyDefenseCompensation>
</GameData>