<GameData>
    <Table name="EventBerserkEnermy">
		<Column name="EventID" type="text" primarykey="true"/>
		<Column name="EventName" type="text" notnull="true"/>
		<!-- 
			The identifier of the advisor, including
			ADVISOR_MILITARY, ADVISOR_ECONOMIC, ADVISOR_FOREIGN, ADVISOR_SCIENCE
		-->
		<Column name="OffenseAdvisorType" type="text"/>
		<Column name="OffenseAdvisorHeading" type="text"/>
		<Column name="OffenseAdvisorBody" type="text"/>
		<Column name="DefenseAdvisorType" type="text"/>
		<Column name="DefenseAdvisorHeading" type="text"/>
		<Column name="DefenseAdvisorBody" type="text"/>
		<Column name="OffenseTroopsSpawnMinDist" type="int" default="1"/>
		<Column name="OffenseTroopsSpawnMaxDist" type="int" default="3"/>
		<Column name="OccurYear" type="integer" notnull="true"/>
    </Table>

    <Table name="EventBerserkEnermyOffense">
		<Column name="EventID" type="text"  reference="EventBerserkEnermy(EventID)"/>
		<!-- 
			The identifier of a leader, refer to 
			\Steam\steamapps\common\Sid Meier's Civilization V\Assets\Gameplay\XML\Leaders
			for leader type, e.g. Leader_Alexander, Leader_Askia, ...
		-->
		<Column name="LeaderType" type="text"/>
    </Table>

    <Table name="EventBerserkEnermyDefense">
		<Column name="EventID" type="text"  reference="EventBerserkEnermy(EventID)"/>
		<!-- 
			The identifier of a leader, refer to 
			\Steam\steamapps\common\Sid Meier's Civilization V\Assets\Gameplay\XML\Leaders
			for leader type, e.g. Leader_Alexander, Leader_Askia, ...
			if there is one row with LeaderType = "all"/"allhuman", other rows will be ignored and the event will be triggered for all players
		-->
		<Column name="LeaderType" type="text"/>
    </Table>

    <Table name="EventBerserkEnermyOffenseTroops">
		<Column name="EventID" type="text"  reference="EventBerserkEnermy(EventID)"/>
		<!-- 
			Refer to http://modiki.civfanatics.com/index.php?title=UnitType_(Civ5_Type) 
			it can also be set to "gold" / "tech" to grant golds/free techs
		-->
		<Column name="UnitTypeID" type="text" notnull="true"/>
		<Column name="Count" type="int" notnull="true"/>
    </Table>


    <Table name="EventBerserkEnermyOffenseCompensation">
		<Column name="EventID" type="text"  reference="EventBerserkEnermy(EventID)"/>
		<!-- 
			Refer to http://modiki.civfanatics.com/index.php?title=UnitType_(Civ5_Type) 
			it can also be set to "gold" / "tech" to grant golds/free techs
		-->
		<Column name="UnitTypeID" type="text" notnull="true"/>
		<Column name="Count" type="int" notnull="true"/>
    </Table>

    <Table name="EventBerserkEnermyDefenseCompensation">
		<Column name="EventID" type="text"  reference="EventBerserkEnermy(EventID)"/>
		<Column name="UnitTypeID" type="text" notnull="true"/>
		<Column name="Count" type="int" notnull="true"/>
	</Table>

</GameData>