<GameData>
    <Table name="EventHistorical">
		<Column name="EventID" type="text" notnull="true" unique="true"/>
		<Column name="EventName" type="text" notnull="true"/>
		<!-- 
			The identifier of the advisor, including
			ADVISOR_MILITARY, ADVISOR_ECONOMIC, ADVISOR_FOREIGN, ADVISOR_SCIENCE
			an empty string means not having advisor popup
		-->
		<Column name="AdvisorType" type="text"/>
		<Column name="AdvisorHeading" type="text"/>
		<Column name="AdvisorBody" type="text"/>
		<Column name="OccurYear" type="integer" default="NULL"/>
    </Table>

    <Table name="EventHistoricalLeaders">
		<Column name="EventID" type="text" reference="EventHistorical(EventID)"/>

		<!-- 
			The identifier of a leader, refer to 
			\Steam\steamapps\common\Sid Meier's Civilization V\Assets\Gameplay\XML\Leaders
			for leader type, e.g. Leader_Alexander, Leader_Askia, ...
			if there is one row with LeaderType = "all"/"allhuman", other rows will be ignored and the event will be triggered for all players
		-->
		<Column name="LeaderType" type="text" notnull="true"/>
    </Table>

    <Table name="EventHistoricalCompensation">
		<Column name="EventID" type="text" reference="EventHistorical(EventID)"/>
		<!-- 
			Refer to http://modiki.civfanatics.com/index.php?title=UnitType_(Civ5_Type) 
			it can also be set to "gold" / "tech" / "culture" / "faith" to grant golds/free techs/culture points/faith points
		-->
		<Column name="UnitTypeID" type="text" notnull="true"/>
		<Column name="Count" type="int" notnull="true"/>
	</Table>
</GameData>