<?xml version="1.0" encoding="utf-8"?>
<GameData>
	<Language_en_US>
		<Row Tag="TXT_KEY_UGFN_CORRECT_SETTINGS_TITLE">
			<Text>[COLOR_FONT_GREEN]What a Great Start[ENDCOLOR]</Text>
		</Row>
		<Row Tag="TXT_KEY_UGFN_CORRECT_SETTINGS_MSG">
			<Text>[NEWLINE]Good job! You have selected the correct settings of %s. In this scenario, you need to [NEWLINE][NEWLINE]%s[NEWLINE][NEWLINE]Enjoy the game!</Text>
		</Row>
		<Row Tag="TXT_KEY_UGFN_WRONG_SETTINGS_TITLE">
			<Text>[COLOR_FONT_RED]Caution: Wrong Settings[ENDCOLOR]</Text>
		</Row>
		<Row Tag="TXT_KEY_UGFN_WRONG_SETTINGS_MAP_MSG">
			<Text>[NEWLINE]You have not selected our designated map. Please make sure you [NEWLINE][NEWLINE] 1. start a game in [COLOR_FONT_RED]Mod -> Single Player -> Setup Game[ENDCOLOR], [NEWLINE] 2. change "map type" by selecting [COLOR_FONT_RED]Additional Map -> UGFN Part X[ENDCOLOR], [NEWLINE] 3. check [COLOR_FONT_RED]"Load Scenario"[ENDCOLOR].[NEWLINE][NEWLINE] If you have any questions, feel free to ask our student helpers.
			</Text>
		</Row>
		<Row Tag="TXT_KEY_UGFN_WRONG_SETTINGS_CHECK_SCENARIO_MSG">
			<Text>[NEWLINE]You have not turned on the[COLOR_FONT_RED] %s [ENDCOLOR]scenario settings. [NEWLINE]Please make sure you start a game in [COLOR_FONT_RED] Mod -> Single Player -> Setup Game[ENDCOLOR] [NEWLINE] and check [COLOR_FONT_RED]"Load Scenario"[ENDCOLOR] when selecting this map. </Text>
		</Row>

		<Row Tag="TXT_KEY_UGFN_PART1_REQUIREMENTS">
			<Text>a. research [COLOR_TECH_TEXT]Education[ENDCOLOR], [NEWLINE]b. build 3 [COLOR_BUILDING_TEXT]universities[ENDCOLOR].</Text>
		</Row>

		<Row Tag="TXT_KEY_UGFN_PART23_REQUIREMENTS">
			<Text>a. keep hold on your original captial city, [NEWLINE]b. build 3 [COLOR_BUILDING_TEXT]factories[ENDCOLOR].</Text>
		</Row>

		<Row Tag="TXT_KEY_UGFN_PROGRESS_SETTLER_TITLE">
			<Text>Progress: Settler</Text>
		</Row>
		<Row Tag="TXT_KEY_UGFN_PROGRESS_SETTLER_MSG">
			<Text>[NEWLINE]Try to use the settler unit to found a new city</Text>
		</Row>
		<Row Tag="TXT_KEY_UGFN_PROGRESS_PALACE_TITLE">
			<Text>Progress: Found Capitial City</Text>
		</Row>
		<Row Tag="TXT_KEY_UGFN_PROGRESS_PALACE_MSG">
			<Text>[NEWLINE]Congrats! You have just found the capitial city. If you want to expand your civilization, you can consider training [COLOR_UNIT_TEXT]settlers[ENDCOLOR] to found more cities.</Text>
		</Row>
		<Row Tag="TXT_KEY_UGFN_PROGRESS_BUILD_TITLE">
			<Text>Progress: Built University</Text>
		</Row>
		<Row Tag="TXT_KEY_UGFN_PROGRESS_BUILD_MSG">
			<Text>[NEWLINE]Congrats! You have built [COLOR_FONT_GREEN]%d[ENDCOLOR] [COLOR_BUILDING_TEXT]%s[ENDCOLOR]. You just have [COLOR_FONT_GREEN]%d[ENDCOLOR] more to go.</Text>
		</Row>
		<Row Tag="TXT_KEY_UGFN_PROGRESS_BUILD_FINISH_MSG">
			<Text>[NEWLINE]Congrats! You have built [COLOR_FONT_GREEN]%d[ENDCOLOR] [COLOR_BUILDING_TEXT]%s[ENDCOLOR]. You have completed the requirement.</Text>
		</Row>
		<Row Tag="TXT_KEY_UGFN_PROGRESS_TECH_TITLE">
			<Text>Progress: Researched %s</Text>
		</Row>
		<Row Tag="TXT_KEY_UGFN_PROGRESS_TECH_MSG">
			<Text>[NEWLINE]Congrats! You have researched [COLOR_TECH_TEXT]%s[ENDCOLOR]. You can start to build [COLOR_BUILDING_TEXT]%s[ENDCOLOR].</Text>
		</Row>

		<Row Tag="TXT_KEY_UGFN_SELECT_MAP">
			<Text>Please Select Map</Text>
		</Row>
		
	</Language_en_US>
	<Language_zh_Hant_HK>
		<Row Tag="TXT_KEY_UGFN_CORRECT_SETTINGS_TITLE">
			<Text>[COLOR_FONT_GREEN]好的開始[ENDCOLOR]</Text>
		</Row>
		<Row Tag="TXT_KEY_UGFN_CORRECT_SETTINGS_MSG">
			<Text>[NEWLINE]犀利! 你已成功啟動 %s 的劇本。在這個劇本中，你需要[NEWLINE][NEWLINE]%s[NEWLINE][NEWLINE]Enjoy the game!</Text>
		</Row>
		<Row Tag="TXT_KEY_UGFN_WRONG_SETTINGS_TITLE">
			<Text>[COLOR_FONT_RED]注意: 錯誤設定[ENDCOLOR]</Text>
		</Row>
		<Row Tag="TXT_KEY_UGFN_WRONG_SETTINGS_MAP_MSG">
			<Text>[NEWLINE]你並沒有選擇正確的地圖，請確保你開新遊戲時[NEWLINE][NEWLINE] 1. 有點選[COLOR_FONT_RED] 模組 -> 單人模式 -> 遊戲設定[ENDCOLOR], [NEWLINE] 2. 有選擇[COLOR_FONT_RED]地圖類型 -> 其他地圖 -> UGFN Part X[ENDCOLOR], [NEWLINE] 3. 有勾選 [COLOR_FONT_RED]"載入劇本"[ENDCOLOR]。[NEWLINE][NEWLINE] 如有疑問，歡迎向student helpers查詢。 </Text>
		</Row>
		<Row Tag="TXT_KEY_UGFN_WRONG_SETTINGS_CHECK_SCENARIO_MSG">
			<Text>[NEWLINE]你並沒有啟動[COLOR_FONT_RED] %s [ENDCOLOR]的劇本設定。[NEWLINE]請確保你在 [COLOR_FONT_RED]模組 -> 單人模式 -> 遊戲設定[ENDCOLOR] 中，[NEWLINE] 選擇這個地圖並點選[COLOR_FONT_RED]"載入劇本"[ENDCOLOR]。</Text>
		</Row>
		<Row Tag="TXT_KEY_UGFN_PART1_REQUIREMENTS">
			<Text>a. 成功研究[COLOR_TECH_TEXT]教育[ENDCOLOR] [NEWLINE]b. 興建3間 [COLOR_BUILDING_TEXT]大學[ENDCOLOR]</Text>
		</Row>

		<Row Tag="TXT_KEY_UGFN_PART23_REQUIREMENTS">
			<Text>a. 保護原有首都 [NEWLINE]b. 興建3間 [COLOR_BUILDING_TEXT]工廠[ENDCOLOR]</Text>
		</Row>

		<Row Tag="TXT_KEY_UGFN_PROGRESS_SETTLER_TITLE">
			<Text>進度: 開拓者</Text>
		</Row>
		<Row Tag="TXT_KEY_UGFN_PROGRESS_SETTLER_MSG">
			<Text>[NEWLINE]嘗試利用開拓者創建新城市</Text>
		</Row>
		<Row Tag="TXT_KEY_UGFN_PROGRESS_PALACE_TITLE">
			<Text>進度: 已建立首都</Text>
		</Row>
			<Row Tag="TXT_KEY_UGFN_PROGRESS_PALACE_MSG">
			<Text>[NEWLINE]恭喜! 你已成功建立首都。如果你想擴張版圖，你可以考慮訓練 [COLOR_UNIT_TEXT]開拓者[ENDCOLOR]，以建造新城市。</Text>
		</Row>
		<Row Tag="TXT_KEY_UGFN_PROGRESS_BUILD_TITLE">
			<Text>進度: 已建造%s</Text>
		</Row>
		<Row Tag="TXT_KEY_UGFN_PROGRESS_BUILD_MSG">
			<Text>[NEWLINE]恭喜! 你已成功建造 [COLOR_FONT_GREEN]%d[ENDCOLOR] 間[COLOR_TECH_TEXT]%s[ENDCOLOR]，還需要 [COLOR_FONT_GREEN]%d[ENDCOLOR] 間。</Text>
		</Row>
		<Row Tag="TXT_KEY_UGFN_PROGRESS_BUILD_FINISH_MSG">
			<Text>[NEWLINE]恭喜! 你已成功建造 [COLOR_FONT_GREEN]%d[ENDCOLOR] 間[COLOR_TECH_TEXT]%s[ENDCOLOR]，完成相關要求。</Text>
		</Row>
		<Row Tag="TXT_KEY_UGFN_PROGRESS_TECH_TITLE">
			<Text>進度: 已研究%s</Text>
		</Row>
		<Row Tag="TXT_KEY_UGFN_PROGRESS_TECH_MSG">
			<Text>[NEWLINE]恭喜! 你已成功研究 [COLOR_TECH_TEXT]%s[ENDCOLOR]。 你可以開始建造 [COLOR_BUILDING_TEXT]%s[ENDCOLOR]。</Text>
		</Row>

		<Row Tag="TXT_KEY_UGFN_SELECT_MAP">
			<Text>請選擇地圖</Text>
		</Row>
	</Language_zh_Hant_HK>
</GameData>