<?xml version="1.0" encoding="utf-8"?>

<!-- Rearranged China's cities: Loyang as first and Chang'an (a new city in Civ 5) as second-->
<GameData>
	<Language_zh_Hant_HK>
		<Row Tag="TXT_KEY_CITY_NAME_CHANGAN">
			<Text>長安</Text>
		</Row>
	</Language_zh_Hant_HK>
	
	<Language_en_US>
		<Row Tag="TXT_KEY_CITY_NAME_CHANGAN">
			<Text>Chang'an</Text>
		</Row>
		<Update>
			<Where Tag="TXT_KEY_CITY_NAME_LOYANG"/>
			<Set Text="Luoyang"/>
		</Update>
	</Language_en_US>
	
	<Civilization_CityNames>
		<Delete CivilizationType="CIVILIZATION_CHINA" />
		<Row>
			<CivilizationType>CIVILIZATION_CHINA</CivilizationType>
			<CityName>TXT_KEY_CITY_NAME_LOYANG</CityName>
		</Row>
		<Row>
			<CivilizationType>CIVILIZATION_CHINA</CivilizationType>
			<CityName>TXT_KEY_CITY_NAME_CHANGAN</CityName>
		</Row>
		<Row>
			<CivilizationType>CIVILIZATION_CHINA</CivilizationType>
			<CityName>TXT_KEY_CITY_NAME_BEIJING</CityName>
		</Row>
		<Row>
			<CivilizationType>CIVILIZATION_CHINA</CivilizationType>
			<CityName>TXT_KEY_CITY_NAME_SHANGHAI</CityName>
		</Row>
		<Row>
			<CivilizationType>CIVILIZATION_CHINA</CivilizationType>
			<CityName>TXT_KEY_CITY_NAME_GUANGZHOU</CityName>
		</Row>
		<Row>
			<CivilizationType>CIVILIZATION_CHINA</CivilizationType>
			<CityName>TXT_KEY_CITY_NAME_NANJING</CityName>
		</Row>
		<Row>
			<CivilizationType>CIVILIZATION_CHINA</CivilizationType>
			<CityName>TXT_KEY_CITY_NAME_XIAN</CityName>
		</Row>
		<Row>
			<CivilizationType>CIVILIZATION_CHINA</CivilizationType>
			<CityName>TXT_KEY_CITY_NAME_CHENGDU</CityName>
		</Row>
		<Row>
			<CivilizationType>CIVILIZATION_CHINA</CivilizationType>
			<CityName>TXT_KEY_CITY_NAME_HANGZHOU</CityName>
		</Row>
		<Row>
			<CivilizationType>CIVILIZATION_CHINA</CivilizationType>
			<CityName>TXT_KEY_CITY_NAME_TIANJIN</CityName>
		</Row>
		<Row>
			<CivilizationType>CIVILIZATION_CHINA</CivilizationType>
			<CityName>TXT_KEY_CITY_NAME_MACAU</CityName>
		</Row>
		<Row>
			<CivilizationType>CIVILIZATION_CHINA</CivilizationType>
			<CityName>TXT_KEY_CITY_NAME_SHANDONG</CityName>
		</Row>
		<Row>
			<CivilizationType>CIVILIZATION_CHINA</CivilizationType>
			<CityName>TXT_KEY_CITY_NAME_KAIFENG</CityName>
		</Row>
		<Row>
			<CivilizationType>CIVILIZATION_CHINA</CivilizationType>
			<CityName>TXT_KEY_CITY_NAME_NINGBO</CityName>
		</Row>
		<Row>
			<CivilizationType>CIVILIZATION_CHINA</CivilizationType>
			<CityName>TXT_KEY_CITY_NAME_BAODING</CityName>
		</Row>
		<Row>
			<CivilizationType>CIVILIZATION_CHINA</CivilizationType>
			<CityName>TXT_KEY_CITY_NAME_YANGZHOU</CityName>
		</Row>
		<Row>
			<CivilizationType>CIVILIZATION_CHINA</CivilizationType>
			<CityName>TXT_KEY_CITY_NAME_HAERBIN</CityName>
		</Row>
		<Row>
			<CivilizationType>CIVILIZATION_CHINA</CivilizationType>
			<CityName>TXT_KEY_CITY_NAME_CHONGQING</CityName>
		</Row>
		<Row>
			<CivilizationType>CIVILIZATION_CHINA</CivilizationType>
			<CityName>TXT_KEY_CITY_NAME_KUNMING</CityName>
		</Row>
		<Row>
			<CivilizationType>CIVILIZATION_CHINA</CivilizationType>
			<CityName>TXT_KEY_CITY_NAME_TAIPEI</CityName>
		</Row>
		<Row>
			<CivilizationType>CIVILIZATION_CHINA</CivilizationType>
			<CityName>TXT_KEY_CITY_NAME_SHENYANG</CityName>
		</Row>
		<Row>
			<CivilizationType>CIVILIZATION_CHINA</CivilizationType>
			<CityName>TXT_KEY_CITY_NAME_TAIYUAN</CityName>
		</Row>
		<Row>
			<CivilizationType>CIVILIZATION_CHINA</CivilizationType>
			<CityName>TXT_KEY_CITY_NAME_TAINAN</CityName>
		</Row>
		<Row>
			<CivilizationType>CIVILIZATION_CHINA</CivilizationType>
			<CityName>TXT_KEY_CITY_NAME_DALIAN</CityName>
		</Row>
		<Row>
			<CivilizationType>CIVILIZATION_CHINA</CivilizationType>
			<CityName>TXT_KEY_CITY_NAME_LIJIANG</CityName>
		</Row>
		<Row>
			<CivilizationType>CIVILIZATION_CHINA</CivilizationType>
			<CityName>TXT_KEY_CITY_NAME_WUXI</CityName>
		</Row>
		<Row>
			<CivilizationType>CIVILIZATION_CHINA</CivilizationType>
			<CityName>TXT_KEY_CITY_NAME_SUZHOU</CityName>
		</Row>
		<Row>
			<CivilizationType>CIVILIZATION_CHINA</CivilizationType>
			<CityName>TXT_KEY_CITY_NAME_MAOMING</CityName>
		</Row>
		<Row>
			<CivilizationType>CIVILIZATION_CHINA</CivilizationType>
			<CityName>TXT_KEY_CITY_NAME_SHAOGUAN</CityName>
		</Row>
		<Row>
			<CivilizationType>CIVILIZATION_CHINA</CivilizationType>
			<CityName>TXT_KEY_CITY_NAME_YANGJIANG</CityName>
		</Row>
		<Row>
			<CivilizationType>CIVILIZATION_CHINA</CivilizationType>
			<CityName>TXT_KEY_CITY_NAME_HEYUAN</CityName>
		</Row>
		<Row>
			<CivilizationType>CIVILIZATION_CHINA</CivilizationType>
			<CityName>TXT_KEY_CITY_NAME_LIAONING</CityName>
		</Row>
		<Row>
			<CivilizationType>CIVILIZATION_CHINA</CivilizationType>
			<CityName>TXT_KEY_CITY_NAME_HUBEI</CityName>
		</Row>
		<Row>
			<CivilizationType>CIVILIZATION_CHINA</CivilizationType>
			<CityName>TXT_KEY_CITY_NAME_GANSU</CityName>
		</Row>
		<Row>
			<CivilizationType>CIVILIZATION_CHINA</CivilizationType>
			<CityName>TXT_KEY_CITY_NAME_HUANGSHI</CityName>
		</Row>
		<Row>
			<CivilizationType>CIVILIZATION_CHINA</CivilizationType>
			<CityName>TXT_KEY_CITY_NAME_YICHANG</CityName>
		</Row>
		<Row>
			<CivilizationType>CIVILIZATION_CHINA</CivilizationType>
			<CityName>TXT_KEY_CITY_NAME_YINGTAN</CityName>
		</Row>
		<Row>
			<CivilizationType>CIVILIZATION_CHINA</CivilizationType>
			<CityName>TXT_KEY_CITY_NAME_XINYU</CityName>
		</Row>
		<Row>
			<CivilizationType>CIVILIZATION_CHINA</CivilizationType>
			<CityName>TXT_KEY_CITY_NAME_XINZHENG</CityName>
		</Row>
		<Row>
			<CivilizationType>CIVILIZATION_CHINA</CivilizationType>
			<CityName>TXT_KEY_CITY_NAME_HANDAN</CityName>
		</Row>
		<Row>
			<CivilizationType>CIVILIZATION_CHINA</CivilizationType>
			<CityName>TXT_KEY_CITY_NAME_DUNHUANG</CityName>
		</Row>
		<Row>
			<CivilizationType>CIVILIZATION_CHINA</CivilizationType>
			<CityName>TXT_KEY_CITY_NAME_GAOYU</CityName>
		</Row>
		<Row>
			<CivilizationType>CIVILIZATION_CHINA</CivilizationType>
			<CityName>TXT_KEY_CITY_NAME_NANTONG</CityName>
		</Row>
		<Row>
			<CivilizationType>CIVILIZATION_CHINA</CivilizationType>
			<CityName>TXT_KEY_CITY_NAME_WEIFANG</CityName>
		</Row>
		<Row>
			<CivilizationType>CIVILIZATION_CHINA</CivilizationType>
			<CityName>TXT_KEY_CITY_NAME_XIKANG</CityName>
		</Row>
	</Civilization_CityNames>
</GameData>
