<?xml version="1.0" encoding="utf-8"?>

<GameData>

	<IconTextureAtlases>

		<Row>
			<Atlas>FACE_ICON</Atlas>
			<IconSize>256</IconSize>
			<Filename>face250.dds</Filename>
			<IconsPerRow>1</IconsPerRow>
			<IconsPerColumn>1</IconsPerColumn>
		</Row>
		<Row>
			<Atlas>FACE_ICON</Atlas>
			<IconSize>214</IconSize>
			<Filename>face214.dds</Filename>
			<IconsPerRow>1</IconsPerRow>
			<IconsPerColumn>1</IconsPerColumn>
		</Row>
		<Row>
			<Atlas>FACE_ICON</Atlas>
			<IconSize>128</IconSize>
			<Filename>face128.dds</Filename>
			<IconsPerRow>1</IconsPerRow>
			<IconsPerColumn>1</IconsPerColumn>
		</Row>
		<Row>
			<Atlas>FACE_ICON</Atlas>
			<IconSize>72</IconSize>
			<Filename>face72.dds</Filename>
			<IconsPerRow>1</IconsPerRow>
			<IconsPerColumn>1</IconsPerColumn>
		</Row>
		<Row>
			<Atlas>FACE_ICON</Atlas>
			<IconSize>64</IconSize>
			<Filename>face64.dds</Filename>
			<IconsPerRow>1</IconsPerRow>
			<IconsPerColumn>1</IconsPerColumn>
		</Row>
		<Row>
			<Atlas>FACE_ICON</Atlas>
			<IconSize>45</IconSize>
			<Filename>face45.dds</Filename>
			<IconsPerRow>1</IconsPerRow>
			<IconsPerColumn>1</IconsPerColumn>
		</Row>

		<!--
		以上为个人添加部分
		-->

		<Row>
			<Atlas>FISHING_ICON</Atlas>
			<IconSize>256</IconSize>
			<Filename>fishing_portrait256.dds</Filename>
			<IconsPerRow>1</IconsPerRow>
			<IconsPerColumn>1</IconsPerColumn>
		</Row>
		<Row>
			<Atlas>FISHING_ICON</Atlas>
			<IconSize>214</IconSize>
			<Filename>fishing_portrait212.dds</Filename>
			<IconsPerRow>1</IconsPerRow>
			<IconsPerColumn>1</IconsPerColumn>
		</Row>
		<Row>
			<Atlas>FISHING_ICON</Atlas>
			<IconSize>128</IconSize>
			<Filename>fishing_portrait128.dds</Filename>
			<IconsPerRow>1</IconsPerRow>
			<IconsPerColumn>1</IconsPerColumn>
		</Row>
		<Row>
			<Atlas>FISHING_ICON</Atlas>
			<IconSize>80</IconSize>
			<Filename>fishing_portrait80.dds</Filename>
			<IconsPerRow>1</IconsPerRow>
			<IconsPerColumn>1</IconsPerColumn>
		</Row>
		<Row>
			<Atlas>FISHING_ICON</Atlas>
			<IconSize>64</IconSize>
			<Filename>fishing_portrait64.dds</Filename>
			<IconsPerRow>1</IconsPerRow>
			<IconsPerColumn>1</IconsPerColumn>
		</Row>
		<Row>
			<Atlas>FISHING_ICON</Atlas>
			<IconSize>45</IconSize>
			<Filename>fishing_portrait44.dds</Filename>
			<IconsPerRow>1</IconsPerRow>
			<IconsPerColumn>1</IconsPerColumn>
		</Row>

		<Row>
			<Atlas>TRAP_ICON</Atlas>
			<IconSize>256</IconSize>
			<Filename>trap250.dds</Filename>
			<IconsPerRow>1</IconsPerRow>
			<IconsPerColumn>1</IconsPerColumn>
		</Row>
		<Row>
			<Atlas>TRAP_ICON</Atlas>
			<IconSize>214</IconSize>
			<Filename>trap214.dds</Filename>
			<IconsPerRow>1</IconsPerRow>
			<IconsPerColumn>1</IconsPerColumn>
		</Row>
		<Row>
			<Atlas>TRAP_ICON</Atlas>
			<IconSize>128</IconSize>
			<Filename>trap128.dds</Filename>
			<IconsPerRow>1</IconsPerRow>
			<IconsPerColumn>1</IconsPerColumn>
		</Row>
		<Row>
			<Atlas>TRAP_ICON</Atlas>
			<IconSize>72</IconSize>
			<Filename>trap72.dds</Filename>
			<IconsPerRow>1</IconsPerRow>
			<IconsPerColumn>1</IconsPerColumn>
		</Row>
		<Row>
			<Atlas>TRAP_ICON</Atlas>
			<IconSize>64</IconSize>
			<Filename>trap64.dds</Filename>
			<IconsPerRow>1</IconsPerRow>
			<IconsPerColumn>1</IconsPerColumn>
		</Row>
		<Row>
			<Atlas>TRAP_ICON</Atlas>
			<IconSize>45</IconSize>
			<Filename>trap45.dds</Filename>
			<IconsPerRow>1</IconsPerRow>
			<IconsPerColumn>1</IconsPerColumn>
		</Row>
	</IconTextureAtlases>

</GameData>